epoch,time,train/box_loss,train/cls_loss,train/dfl_loss,metrics/precision(B),metrics/recall(B),metrics/mAP50(B),metrics/mAP50-95(B),val/box_loss,val/cls_loss,val/dfl_loss,lr/pg0,lr/pg1,lr/pg2
1,0.0979,0.16318,0.70728,0.0,-1,0.64065,0.15934,0.13031,0.14660,0.53019,0.0,0.000100,0,0
2,0.0969,0.13268,0.50678,0.0,-1,0.66120,0.31574,0.24869,0.14833,0.43599,0.0,0.000100,0,0
3,0.1055,0.12215,0.42458,0.0,-1,0.66321,0.38503,0.30795,0.14364,0.45795,0.0,0.000100,0,0
4,0.0958,0.11801,0.34639,0.0,-1,0.69602,0.50204,0.40332,0.14542,0.36321,0.0,0.000100,0,0
5,0.0999,0.11360,0.30134,0.0,-1,0.67506,0.56929,0.43175,0.14191,0.33736,0.0,0.000100,0,0
6,0.0928,0.10399,0.26292,0.0,-1,0.67015,0.55664,0.43854,0.14205,0.34469,0.0,0.000100,0,0
7,0.0934,0.10433,0.23271,0.0,-1,0.69827,0.60160,0.47067,0.14365,0.34241,0.0,0.000100,0,0
8,0.0930,0.10319,0.19425,0.0,-1,0.65040,0.61207,0.49808,0.13802,0.36208,0.0,0.000100,0,0
9,0.0923,0.09850,0.17265,0.0,-1,0.68170,0.64452,0.51355,0.14354,0.32533,0.0,0.000100,0,0
10,0.0916,0.09339,0.13655,0.0,-1,0.65377,0.59076,0.47710,0.13888,0.40340,0.0,0.000100,0,0
11,0.0963,0.09418,0.11595,0.0,-1,0.71036,0.63060,0.50976,0.13703,0.36900,0.0,0.000100,0,0
12,0.0916,0.09252,0.10569,0.0,-1,0.66927,0.60707,0.50111,0.13976,0.42706,0.0,0.000100,0,0
13,0.0928,0.08759,0.10242,0.0,-1,0.68816,0.61962,0.50160,0.13641,0.49743,0.0,0.000100,0,0
14,0.0926,0.08793,0.08654,0.0,-1,0.64578,0.63714,0.50599,0.13857,0.37106,0.0,0.000100,0,0
15,0.0915,0.08775,0.07536,0.0,-1,0.65721,0.64841,0.51384,0.13665,0.41663,0.0,0.000100,0,0
16,0.0917,0.08065,0.06754,0.0,-1,0.64244,0.62389,0.50768,0.13861,0.39197,0.0,0.000100,0,0
17,0.0922,0.07926,0.06791,0.0,-1,0.64911,0.63682,0.51253,0.13717,0.48332,0.0,0.000100,0,0
18,0.0920,0.07725,0.05810,0.0,-1,0.66211,0.62456,0.51388,0.13989,0.43693,0.0,0.000100,0,0
19,0.0925,0.07568,0.04939,0.0,-1,0.68097,0.64936,0.52678,0.13530,0.50129,0.0,0.000100,0,0
20,0.0948,0.07140,0.06068,0.0,-1,0.67591,0.63746,0.50832,0.13609,0.53570,0.0,0.000100,0,0
21,0.0935,0.07513,0.04818,0.0,-1,0.65517,0.63168,0.51092,0.13439,0.50670,0.0,0.000100,0,0
22,0.0911,0.07255,0.02931,0.0,-1,0.65858,0.64742,0.52693,0.13981,0.49293,0.0,0.000100,0,0
23,0.0913,0.06965,0.03168,0.0,-1,0.64111,0.60980,0.50175,0.13635,0.57196,0.0,0.000100,0,0
24,0.0935,0.06670,0.03101,0.0,-1,0.63918,0.62902,0.48859,0.13679,0.56529,0.0,0.000100,0,0
25,0.0924,0.06480,0.02595,0.0,-1,0.60777,0.63590,0.50630,0.14036,0.57839,0.0,0.000010,0,0
26,0.0965,0.05509,0.01610,0.0,-1,0.65194,0.64978,0.52467,0.13219,0.51507,0.0,0.000010,0,0
27,0.0972,0.04466,0.00590,0.0,-1,0.65546,0.64916,0.52915,0.13222,0.53023,0.0,0.000010,0,0
28,0.0935,0.03857,0.00362,0.0,-1,0.64713,0.64689,0.52513,0.13158,0.54757,0.0,0.000010,0,0
29,0.0962,0.03406,0.00264,0.0,-1,0.65375,0.64962,0.53107,0.13013,0.56031,0.0,0.000010,0,0
30,0.0980,0.03067,0.00211,0.0,-1,0.65637,0.65279,0.53351,0.13114,0.57225,0.0,0.000010,0,0
31,0.0996,0.02827,0.00169,0.0,-1,0.65287,0.65257,0.53303,0.13066,0.60228,0.0,0.000010,0,0
32,0.0944,0.02618,0.00146,0.0,-1,0.64389,0.65151,0.53049,0.13036,0.62923,0.0,0.000010,0,0
33,0.0928,0.02454,0.00122,0.0,-1,0.65292,0.64997,0.53396,0.13040,0.63892,0.0,0.000010,0,0
34,0.0923,0.02369,0.00107,0.0,-1,0.63696,0.65304,0.52916,0.13040,0.67664,0.0,0.000010,0,0
35,0.0923,0.02268,0.00088,0.0,-1,0.64312,0.64925,0.53264,0.13001,0.69731,0.0,0.000010,0,0
36,0.0926,0.02162,0.00075,0.0,-1,0.64842,0.64969,0.53400,0.13055,0.71785,0.0,0.000010,0,0
37,0.0997,0.02137,0.00070,0.0,-1,0.64515,0.65183,0.53365,0.12992,0.73856,0.0,0.000010,0,0
38,0.0968,0.02067,0.00066,0.0,-1,0.63697,0.65121,0.53039,0.13055,0.75423,0.0,0.000010,0,0
39,0.0924,0.02068,0.00060,0.0,-1,0.64112,0.64985,0.53262,0.13017,0.77413,0.0,0.000010,0,0
40,0.0924,0.02013,0.00053,0.0,-1,0.64987,0.65733,0.53319,0.13062,0.77553,0.0,0.000010,0,0
41,0.0923,0.01974,0.00045,0.0,-1,0.64669,0.65104,0.53553,0.12972,0.83154,0.0,0.000010,0,0
42,0.0926,0.01968,0.00041,0.0,-1,0.64324,0.65408,0.53546,0.13019,0.85229,0.0,0.000010,0,0
43,0.0924,0.01933,0.00039,0.0,-1,0.65936,0.65906,0.54088,0.12978,0.83982,0.0,0.000010,0,0
44,0.0927,0.01884,0.00039,0.0,-1,0.63774,0.65334,0.53457,0.13020,0.88002,0.0,0.000010,0,0
45,0.0924,0.01890,0.00030,0.0,-1,0.64561,0.65783,0.53587,0.13007,0.91665,0.0,0.000010,0,0
46,0.0926,0.01864,0.00027,0.0,-1,0.64161,0.65104,0.53637,0.13065,0.97419,0.0,0.000010,0,0
47,0.0929,0.01851,0.00023,0.0,-1,0.64476,0.65836,0.53775,0.13013,0.97600,0.0,0.000010,0,0
48,0.0924,0.01815,0.00019,0.0,-1,0.64416,0.65385,0.53489,0.13014,1.00152,0.0,0.000010,0,0
49,0.0932,0.01796,0.00017,0.0,-1,0.64335,0.65148,0.53770,0.13070,1.04186,0.0,0.000010,0,0
50,0.0929,0.01770,0.00017,0.0,-1,0.64808,0.66043,0.54094,0.13074,1.07291,0.0,0.000001,0,0
51,0.0933,0.01656,0.00015,0.0,-1,0.64524,0.65756,0.53889,0.13038,1.06949,0.0,0.000001,0,0
52,0.0935,0.01581,0.00015,0.0,-1,0.64565,0.65689,0.53876,0.13034,1.07104,0.0,0.000001,0,0
53,0.0929,0.01540,0.00011,0.0,-1,0.64564,0.65635,0.53858,0.13041,1.06979,0.0,0.000001,0,0
54,0.0923,0.01516,0.00012,0.0,-1,0.64605,0.65578,0.53880,0.13025,1.07435,0.0,0.000001,0,0
55,0.0925,0.01469,0.00011,0.0,-1,0.64605,0.65623,0.53843,0.13026,1.07803,0.0,0.000001,0,0
56,0.0922,0.01448,0.00011,0.0,-1,0.64479,0.65580,0.53673,0.13026,1.08536,0.0,0.000001,0,0
57,0.0926,0.01412,0.00010,0.0,-1,0.64638,0.65609,0.53740,0.13033,1.08879,0.0,0.000001,0,0
58,0.0930,0.01434,0.00025,0.0,-1,0.64560,0.65606,0.53700,0.13011,1.08858,0.0,0.000001,0,0
59,0.0932,0.01404,0.00010,0.0,-1,0.64605,0.65588,0.53734,0.13006,1.09873,0.0,0.000001,0,0
60,0.0942,0.01393,0.00010,0.0,-1,0.64724,0.65491,0.53717,0.13023,1.10009,0.0,0.000001,0,0
61,0.0986,0.01390,0.00010,0.0,-1,0.64605,0.65642,0.53794,0.13015,1.10157,0.0,0.000001,0,0
62,0.0945,0.01385,0.00011,0.0,-1,0.64683,0.65473,0.53657,0.13012,1.10658,0.0,0.000001,0,0
63,0.0958,0.01386,0.00010,0.0,-1,0.64564,0.65494,0.53588,0.13027,1.12054,0.0,0.000001,0,0
64,0.0926,0.01356,0.00009,0.0,-1,0.63690,0.65060,0.53308,0.13026,1.12362,0.0,0.000001,0,0
65,0.0914,0.01325,0.00007,0.0,-1,0.62500,0.64410,0.52979,0.13016,1.13808,0.0,0.000001,0,0
66,0.0918,0.01374,0.00009,0.0,-1,0.63214,0.64790,0.53199,0.13018,1.13582,0.0,0.000001,0,0
67,0.0940,0.01351,0.00007,0.0,-1,0.63809,0.65135,0.53406,0.13010,1.14503,0.0,0.000001,0,0
68,0.0932,0.01341,0.00008,0.0,-1,0.62857,0.64607,0.52931,0.13026,1.15500,0.0,0.000001,0,0
69,0.0938,0.01343,0.00008,0.0,-1,0.62768,0.64650,0.52944,0.13019,1.15451,0.0,0.000001,0,0
70,0.0944,0.01333,0.00008,0.0,-1,0.62812,0.64705,0.52954,0.13017,1.16577,0.0,0.000001,0,0
